customer_id,customer_name,segment,recency,frequency,monetary,r_score,f_score,m_score,rfm_segment
AA-10315,Alex Avila,Consumer,185,5,5563.56,1,1,4,Potential Loyalists
AA-10375,Allen Armold,Consumer,20,9,1056.39,4,4,1,Champions
AA-10480,Andrew Allen,Consumer,260,4,1790.5120000000002,1,1,2,Lost
AA-10645,Anna Andreadi,Consumer,56,6,5086.9349999999995,3,2,4,Potential Loyalists
AB-10015,Aaron Bergman,Consumer,416,3,886.156,1,1,1,Lost
AB-10060,Adam Bellavance,Home Office,55,8,7755.62,3,3,4,Loyal Customers
AB-10105,Adrian Barton,Consumer,42,10,14473.570999999998,3,4,4,Loyal Customers
AB-10150,Aimee Bixby,Consumer,42,5,966.71,3,1,1,Potential Loyalists
AB-10165,Alan Barnes,Consumer,26,8,1113.838,4,3,1,Loyal Customers
AB-10255,Alejandro Ballentine,Home Office,167,9,914.5319999999999,2,4,1,At Risk
AB-10600,Ann Blume,Corporate,51,4,1515.862,3,1,2,Potential Loyalists
AC-10420,Alyssa Crouse,Corporate,233,3,925.8,1,1,1,Lost
AC-10450,Amy Cox,Consumer,12,7,5527.846,4,3,4,Loyal Customers
AC-10615,Ann Chong,Corporate,7,5,2537.6859999999997,4,1,3,New Customers
AC-10660,Anna Chung,Consumer,283,5,657.316,1,1,1,Lost
AD-10180,Alan Dominguez,Home Office,30,8,6106.88,4,3,4,Loyal Customers
AF-10870,Art Ferguson,Consumer,42,7,2052.908,3,3,2,Loyal Customers
AF-10885,Art Foster,Consumer,416,4,861.565,1,1,1,Lost
AG-10270,Alejandro Grove,Consumer,279,5,2582.898,1,2,3,Potential Loyalists
AG-10300,Aleksandra Gannaway,Corporate,119,4,367.548,2,1,1,Potential Loyalists
AG-10330,Alex Grayson,Consumer,9,5,660.972,4,2,1,New Customers
AG-10390,Allen Goldenen,Consumer,115,5,200.945,2,2,1,Potential Loyalists
AG-10495,Andrew Gjertsen,Corporate,79,8,2356.855,2,3,3,At Risk
AG-10525,Andy Gerbode,Corporate,846,4,1455.038,1,1,2,Lost
AG-10675,Anna Gayman,Consumer,98,7,3489.0396000000005,2,3,3,At Risk
AG-10765,Anthony Garverick,Home Office,78,4,170.584,2,1,1,Potential Loyalists
AG-10900,Arthur Gainer,Consumer,97,10,4510.797,2,4,4,At Risk
AH-10030,Aaron Hawkins,Corporate,13,7,1744.7,4,3,2,Loyal Customers
AH-10075,Adam Hart,Corporate,35,10,3250.337,3,4,3,Loyal Customers
AH-10120,Adrian Hane,Home Office,61,7,1735.5140000000001,3,3,2,Loyal Customers
AH-10195,Alan Haines,Corporate,56,4,1587.452,3,1,2,Potential Loyalists
AH-10210,Alan Hwang,Consumer,7,9,4805.344,4,4,4,Champions
AH-10465,Amy Hunt,Consumer,231,5,2495.3916,1,2,3,Potential Loyalists
AH-10585,Angele Hood,Consumer,22,4,738.504,4,1,1,New Customers
AH-10690,Anna Häberlin,Corporate,411,12,7888.294,1,4,4,At Risk
AI-10855,Arianne Irving,Consumer,14,10,4375.786,4,4,4,Champions
AJ-10780,Anthony Jacobs,Corporate,76,7,4867.344,3,3,4,Loyal Customers
AJ-10795,Anthony Johnson,Corporate,167,7,4501.391,2,3,4,At Risk
AJ-10945,Ashley Jarboe,Consumer,86,7,1839.24,2,3,2,At Risk
AJ-10960,Astrea Jones,Consumer,75,3,629.2479999999999,3,1,1,Potential Loyalists
AM-10360,Alice McCarthy,Corporate,29,5,814.012,4,2,1,New Customers
AM-10705,Anne McFarland,Consumer,163,8,5664.022,2,3,4,At Risk
AO-10810,Anthony O'Donnell,Corporate,502,1,161.28,1,1,1,Lost
AP-10720,Anne Pryor,Home Office,42,8,1638.554,3,3,2,Loyal Customers
AP-10915,Arthur Prichep,Consumer,99,10,3323.556,2,4,3,At Risk
AR-10345,Alex Russell,Corporate,112,4,1055.694,2,1,1,Potential Loyalists
AR-10405,Allen Rosenblatt,Corporate,126,5,2236.128,2,2,2,Potential Loyalists
AR-10510,Andrew Roberts,Consumer,15,5,264.86400000000003,4,2,1,New Customers
AR-10540,Andy Reiter,Consumer,7,6,6608.448,4,2,4,New Customers
AR-10570,Anemone Ratner,Consumer,535,1,88.15,1,1,1,Lost
AR-10825,Anthony Rawles,Corporate,59,8,4523.336,3,3,4,Loyal Customers
AS-10045,Aaron Smayling,Corporate,89,7,3050.692,2,3,3,At Risk
AS-10090,Adam Shillingsburg,Consumer,29,9,3255.31,4,4,3,Champions
AS-10135,Adrian Shami,Home Office,42,2,58.82,3,1,1,Potential Loyalists
AS-10225,Alan Schoenberger,Corporate,23,5,4260.784,4,2,4,New Customers
AS-10240,Alan Shonely,Consumer,193,7,584.6080000000001,1,3,1,At Risk
AS-10285,Alejandro Savely,Corporate,20,6,3214.236,4,2,3,New Customers
AS-10630,Ann Steele,Home Office,93,7,833.398,2,3,1,At Risk
AT-10435,Alyssa Tate,Home Office,22,6,1171.814,4,2,2,New Customers
AT-10735,Annie Thurman,Consumer,14,10,3831.864,4,4,4,Champions
AW-10840,Anthony Witt,Consumer,21,4,649.376,4,1,1,New Customers
AW-10930,Arthur Wiediger,Home Office,47,7,2852.968,3,3,3,Loyal Customers
AY-10555,Andy Yotov,Corporate,15,4,497.014,4,1,1,New Customers
AZ-10750,Annie Zypern,Consumer,161,6,1622.0179999999998,2,2,2,Potential Loyalists
BB-10990,Barry Blumstein,Corporate,106,5,744.3399999999999,2,2,1,Potential Loyalists
BB-11545,Brenda Bowman,Corporate,29,9,6765.728,4,4,4,Champions
BC-11125,Becky Castell,Home Office,203,9,2933.676,1,4,3,At Risk
BD-11320,Bill Donatelli,Consumer,34,12,5718.521,3,4,4,Loyal Customers
BD-11500,Bradley Drucker,Consumer,36,6,4411.2429999999995,3,2,4,Potential Loyalists
BD-11560,Brendan Dodson,Home Office,279,2,320.54,1,1,1,Lost
BD-11605,Brian Dahlen,Consumer,98,7,3288.471,2,3,3,At Risk
BD-11620,Brian DeCherney,Consumer,70,6,1538.11,3,2,2,Potential Loyalists
BD-11635,Brian Derr,Consumer,10,3,582.646,4,1,1,New Customers
BD-11725,Bruce Degenhardt,Consumer,94,6,1526.5,2,2,2,Potential Loyalists
BD-11770,Bryan Davis,Consumer,328,6,658.466,1,2,1,Lost
BE-11335,Bill Eplett,Home Office,120,5,4204.676,2,2,4,Potential Loyalists
BE-11410,Bobby Elias,Consumer,99,5,2261.438,2,2,3,Potential Loyalists
BE-11455,Brad Eason,Home Office,255,6,1727.652,1,2,2,Lost
BF-10975,Barbara Fisher,Corporate,92,7,599.798,2,3,1,At Risk
BF-11005,Barry Franz,Home Office,40,4,1333.88,3,1,2,Potential Loyalists
BF-11020,Barry Französisch,Corporate,75,8,2888.506,3,3,3,Loyal Customers
BF-11080,Bart Folk,Consumer,26,3,272.95,4,1,1,New Customers
BF-11170,Ben Ferrer,Home Office,17,11,5907.972,4,4,4,Champions
BF-11215,Benjamin Farhat,Home Office,66,4,1585.162,3,1,2,Potential Loyalists
BF-11275,Beth Fritzler,Corporate,58,3,791.9899999999999,3,1,1,Potential Loyalists
BG-11035,Barry Gonzalez,Consumer,29,8,2798.948,4,3,3,Loyal Customers
BG-11695,Brooke Gillingham,Corporate,37,6,1874.172,3,2,2,Potential Loyalists
BG-11740,Bruce Geld,Consumer,58,6,1006.356,3,2,1,Potential Loyalists
BH-11710,Brosina Hoffman,Consumer,24,8,6255.351,4,3,4,Loyal Customers
BK-11260,Berenike Kampe,Consumer,78,6,659.1379999999999,2,2,1,Potential Loyalists
BM-11140,Becky Martin,Consumer,308,4,11789.63,1,1,4,Potential Loyalists
BM-11575,Brendan Murry,Corporate,101,6,808.162,2,2,1,Potential Loyalists
BM-11650,Brian Moss,Corporate,34,11,7294.185,3,4,4,Loyal Customers
BM-11785,Bryan Mills,Consumer,219,10,1338.842,1,4,2,At Risk
BN-11470,Brad Norvell,Corporate,25,4,265.296,4,1,1,New Customers
BN-11515,Bradley Nguyen,Consumer,10,5,1459.344,4,2,2,New Customers
BO-11350,Bill Overfelt,Corporate,138,5,2682.728,2,2,3,Potential Loyalists
BO-11425,Bobby Odegard,Consumer,76,2,130.83,3,1,1,Potential Loyalists
BP-11050,Barry Pond,Corporate,84,5,983.42,2,2,1,Potential Loyalists
BP-11095,Bart Pistole,Corporate,18,12,2442.044,4,4,3,Champions
BP-11155,Becky Pak,Consumer,90,6,1697.8609999999999,2,2,2,Potential Loyalists
BP-11185,Ben Peterman,Corporate,2,9,3675.861,4,4,3,Champions
BP-11230,Benjamin Patterson,Consumer,40,5,1181.49,3,2,2,Potential Loyalists
BP-11290,Beth Paige,Consumer,13,7,2475.157,4,3,3,Loyal Customers
BS-11365,Bill Shonely,Corporate,559,5,10501.653,1,2,4,Potential Loyalists
BS-11380,Bill Stewart,Corporate,29,5,3887.834,4,2,4,New Customers
BS-11590,Brendan Sweed,Corporate,36,6,2454.928,3,2,3,Potential Loyalists
BS-11665,Brian Stugart,Consumer,583,3,3288.1099999999997,1,1,3,Potential Loyalists
BS-11755,Bruce Stewart,Consumer,2,7,2562.382,4,3,3,Loyal Customers
BS-11800,Bryan Spruell,Home Office,266,2,949.4300000000001,1,1,1,Lost
BT-11305,Beth Thompson,Home Office,337,5,2567.656,1,2,3,Potential Loyalists
BT-11395,Bill Tyler,Corporate,303,6,2186.6130000000003,1,2,2,Lost
BT-11440,Bobby Trafton,Consumer,561,4,603.876,1,1,1,Lost
BT-11485,Brad Thomas,Home Office,660,2,415.19599999999997,1,1,1,Lost
BT-11530,Bradley Talbott,Home Office,92,5,2684.4919999999997,2,2,3,Potential Loyalists
BT-11680,Brian Thompson,Consumer,21,7,3196.752,4,3,3,Loyal Customers
BV-11245,Benjamin Venier,Corporate,335,5,1523.2730000000001,1,2,2,Lost
BW-11065,Barry Weirich,Consumer,213,3,385.516,1,1,1,Lost
BW-11110,Bart Watters,Corporate,122,8,4750.358,2,3,4,At Risk
BW-11200,Ben Wallace,Consumer,204,6,1738.406,1,2,2,Lost
CA-11965,Carol Adams,Corporate,97,6,3789.7228,2,2,4,Potential Loyalists
CA-12055,Cathy Armstrong,Home Office,402,5,1679.7240000000002,1,2,2,Lost
CA-12265,Christina Anderson,Consumer,57,9,2648.2872,3,4,3,Loyal Customers
CA-12310,Christine Abelman,Corporate,14,4,1421.954,4,1,2,New Customers
CA-12775,Cynthia Arntzen,Consumer,121,7,3041.566,2,3,3,At Risk
CB-12025,Cassandra Brandow,Consumer,48,10,6076.139,3,4,4,Loyal Customers
CB-12415,Christy Brittain,Consumer,27,8,1949.2,4,3,2,Loyal Customers
CB-12535,Claudia Bergmann,Corporate,198,8,4246.4555,1,3,4,At Risk
CC-12100,Chad Cunningham,Home Office,458,6,1770.945,1,2,2,Lost
CC-12145,Charles Crestani,Consumer,107,7,2471.65,2,3,3,At Risk
CC-12220,Chris Cortes,Consumer,21,12,3913.418,4,4,4,Champions
CC-12370,Christopher Conant,Consumer,44,5,12129.072000000002,3,2,4,Potential Loyalists
CC-12430,Chuck Clark,Home Office,1,10,2870.05,4,4,3,Champions
CC-12475,Cindy Chapman,Consumer,40,9,1659.438,3,4,2,Loyal Customers
CC-12550,Clay Cheatham,Consumer,28,3,113.832,4,1,1,New Customers
CC-12610,Corey Catlett,Corporate,35,7,2540.631,3,3,3,Loyal Customers
CC-12670,Craig Carreira,Consumer,30,7,2269.7015,4,3,3,Loyal Customers
CC-12685,Craig Carroll,Consumer,800,4,2854.1150000000002,1,1,3,Potential Loyalists
CD-11920,Carlos Daly,Consumer,41,5,2033.968,3,2,2,Potential Loyalists
CD-11980,Carol Darley,Consumer,55,3,639.766,3,1,1,Potential Loyalists
CD-12280,Christina DeMoss,Consumer,43,2,1205.584,3,1,2,Potential Loyalists
CD-12790,Cynthia Delaney,Home Office,400,5,1860.732,1,2,2,Lost
CG-12040,Catherine Glotzbach,Home Office,50,6,904.4680000000001,3,2,1,Potential Loyalists
CG-12520,Claire Gute,Consumer,339,3,1148.7800000000002,1,1,2,Lost
CH-12070,Cathy Hwang,Home Office,692,3,1537.236,1,1,2,Lost
CJ-11875,Carl Jackson,Corporate,366,1,16.52,1,1,1,Lost
CJ-12010,Caroline Jumper,Consumer,190,8,11164.974,1,3,4,At Risk
CK-12205,Chloris Kastensmidt,Consumer,40,13,3154.855,3,4,3,Loyal Customers
CK-12325,Christine Kargatis,Home Office,121,5,2945.321,2,2,3,Potential Loyalists
CK-12595,Clytie Kelty,Consumer,44,11,2372.75,3,4,3,Loyal Customers
CK-12760,Cyma Kinney,Corporate,83,9,1582.109,2,4,2,At Risk
CL-11890,Carl Ludwig,Consumer,107,4,1262.0140000000001,2,1,2,Potential Loyalists
CL-12565,Clay Ludtke,Consumer,285,12,10880.546,1,4,4,At Risk
CL-12700,Craig Leslie,Home Office,106,5,2353.586,2,2,3,Potential Loyalists
CM-11815,Candace McMahon,Corporate,132,6,1673.888,2,2,2,Potential Loyalists
CM-11935,Carlos Meador,Consumer,709,2,565.392,1,1,1,Lost
CM-12115,Chad McGuire,Consumer,9,4,1661.6100000000001,4,1,2,New Customers
CM-12160,Charles McCrossin,Consumer,27,6,2533.314,4,2,3,New Customers
CM-12190,Charlotte Melton,Consumer,9,6,1475.144,4,2,2,New Customers
CM-12235,Chris McAfee,Consumer,386,5,2305.712,1,2,3,Potential Loyalists
CM-12385,Christopher Martinez,Consumer,38,4,8954.019999999999,3,1,4,Potential Loyalists
CM-12445,Chuck Magee,Consumer,437,3,287.99,1,1,1,Lost
CM-12655,Corinna Mitchell,Home Office,28,6,6339.5576,4,2,4,New Customers
CM-12715,Craig Molinari,Corporate,1036,4,3984.4524,1,1,4,Potential Loyalists
CP-12085,Cathy Prescott,Corporate,83,8,5402.254,2,3,4,At Risk
CP-12340,Christine Phan,Corporate,161,8,5888.275,2,3,4,At Risk
CR-12580,Clay Rozendal,Home Office,58,4,2148.852,3,1,2,Potential Loyalists
CR-12625,Corey Roper,Home Office,471,3,475.9,1,1,1,Lost
CR-12730,Craig Reiter,Consumer,79,4,1600.55,2,1,2,Potential Loyalists
CR-12820,Cyra Reiten,Home Office,86,3,1397.8724,2,1,2,Potential Loyalists
CS-11845,Cari Sayre,Corporate,92,5,1278.954,2,2,2,Potential Loyalists
CS-11860,Cari Schnelling,Consumer,163,6,537.632,2,2,1,Potential Loyalists
CS-11950,Carlos Soltero,Consumer,26,11,3036.547,4,4,3,Champions
CS-12130,Chad Sievert,Consumer,490,4,884.64,1,1,1,Lost
CS-12175,Charles Sheldon,Corporate,233,5,844.4580000000001,1,2,1,Lost
CS-12250,Chris Selesnick,Corporate,27,12,2754.216,4,4,3,Champions
CS-12355,Christine Sundaresam,Consumer,7,11,3202.1620000000003,4,4,3,Champions
CS-12400,Christopher Schild,Home Office,3,9,3651.8585000000003,4,4,3,Champions
CS-12460,Chuck Sachs,Consumer,28,2,550.644,4,1,1,New Customers
CS-12490,Cindy Schnelling,Corporate,425,4,1077.2285,1,1,1,Lost
CS-12505,Cindy Stewart,Consumer,59,6,5690.054999999999,3,2,4,Potential Loyalists
CT-11995,Carol Triggs,Consumer,97,8,3241.898,2,3,3,At Risk
CV-12295,Christina VanderZanden,Consumer,255,5,2830.6279999999997,1,2,3,Potential Loyalists
CV-12805,Cynthia Voltz,Corporate,6,9,2370.3136,4,4,3,Champions
CW-11905,Carl Weiss,Home Office,23,6,1136.592,4,2,1,New Customers
CY-12745,Craig Yedwab,Corporate,61,8,2900.026,3,3,3,Loyal Customers
Co-12640,Corey-Lock,Consumer,550,5,1300.076,1,2,2,Lost
DA-13450,Dianna Arnett,Home Office,353,4,156.76,1,1,1,Lost
DB-12910,Daniel Byrd,Home Office,22,8,2171.599,4,3,2,Loyal Customers
DB-12970,Darren Budd,Corporate,242,5,2839.2272,1,2,3,Potential Loyalists
DB-13060,Dave Brooks,Consumer,17,7,4531.646,4,3,4,Loyal Customers
DB-13120,David Bremer,Corporate,49,7,2973.094,3,3,3,Loyal Customers
DB-13210,Dean Braden,Consumer,10,10,2332.577,4,4,3,Champions
DB-13270,Deborah Brumfield,Home Office,54,8,4655.897,3,3,4,Loyal Customers
DB-13360,Dennis Bolton,Home Office,265,5,1081.466,1,2,1,Lost
DB-13405,Denny Blanton,Consumer,188,4,1711.692,1,1,2,Lost
DB-13555,Dorothy Badders,Corporate,108,7,3908.8028,2,3,4,At Risk
DB-13615,Doug Bickford,Consumer,34,7,1989.05,3,3,2,Loyal Customers
DB-13660,Duane Benoit,Consumer,13,7,1155.202,4,3,2,Loyal Customers
DC-12850,Dan Campbell,Consumer,38,9,3336.168,3,4,3,Loyal Customers
DC-13285,Debra Catini,Consumer,24,5,1174.618,4,2,2,New Customers
DD-13570,Dorothy Dickinson,Consumer,42,6,269.542,3,2,1,Potential Loyalists
DE-13255,Deanra Eno,Home Office,720,5,2550.874,1,2,3,Potential Loyalists
DF-13135,David Flashing,Consumer,701,3,2390.534,1,1,3,Potential Loyalists
DG-13300,Deirdre Greer,Corporate,33,5,3195.818,3,2,3,Potential Loyalists
DH-13075,Dave Hallsten,Corporate,278,6,4932.872,1,2,4,Potential Loyalists
DH-13675,Duane Huffman,Home Office,777,4,1043.096,1,1,1,Lost
DJ-13420,Denny Joy,Corporate,638,4,2012.52,1,1,2,Lost
DJ-13510,Don Jones,Corporate,49,8,2501.6879999999996,3,3,3,Loyal Customers
DJ-13630,Doug Jacobs,Consumer,13,3,3356.398,4,1,3,New Customers
DK-12835,Damala Kotsonis,Corporate,22,12,3256.48,4,4,3,Champions
DK-12895,Dana Kaydos,Consumer,46,5,4282.176,3,2,4,Potential Loyalists
DK-12985,Darren Koutras,Consumer,8,5,1687.04,4,2,2,New Customers
DK-13090,Dave Kipp,Consumer,43,7,2650.557,3,3,3,Loyal Customers
DK-13150,David Kendrick,Corporate,11,2,797.832,4,1,1,New Customers
DK-13225,Dean Katz,Corporate,11,9,4802.394,4,4,4,Champions
DK-13375,Dennis Kane,Consumer,20,8,3318.486,4,3,3,Loyal Customers
DL-12865,Dan Lawera,Consumer,101,8,1503.112,2,3,2,At Risk
DL-12925,Daniel Lacy,Consumer,58,6,3272.2,3,2,3,Potential Loyalists
DL-13315,Delfina Latchford,Consumer,23,8,1458.258,4,3,2,Loyal Customers
DL-13330,Denise Leinenbach,Consumer,58,4,585.02,3,1,1,Potential Loyalists
DL-13495,Dionis Lloyd,Corporate,77,8,3539.322,2,3,3,At Risk
DM-12955,Dario Medina,Corporate,115,7,1322.034,2,3,2,At Risk
DM-13015,Darrin Martin,Consumer,58,7,6345.103,3,3,4,Loyal Customers
DM-13345,Denise Monton,Corporate,23,8,4074.4719999999998,4,3,4,Loyal Customers
DM-13525,Don Miller,Corporate,482,3,1376.792,1,1,2,Lost
DN-13690,Duane Noonan,Consumer,218,7,2139.79,1,3,2,At Risk
DO-13435,Denny Ordway,Consumer,134,9,1300.0315,2,4,2,At Risk
DO-13645,Doug O'Connell,Consumer,27,7,1267.316,4,3,2,Loyal Customers
DP-13000,Darren Powers,Consumer,127,9,1050.636,2,4,1,At Risk
DP-13105,Dave Poirier,Corporate,7,8,2215.002,4,3,2,Loyal Customers
DP-13165,David Philippe,Consumer,813,2,1058.616,1,1,1,Lost
DP-13390,Dennis Pardue,Home Office,359,9,5480.723999999999,1,4,4,At Risk
DR-12880,Dan Reichenbach,Corporate,4,9,6528.034000000001,4,4,4,Champions
DR-12940,Daniel Raglin,Home Office,51,8,8350.868,3,3,4,Loyal Customers
DS-13030,Darrin Sayre,Home Office,94,4,1762.213,2,1,2,Potential Loyalists
DS-13180,David Smith,Corporate,24,9,2881.8128,4,4,3,Champions
DV-13045,Darrin Van Huff,Corporate,20,5,1119.483,4,2,1,New Customers
DV-13465,Dianna Vittorini,Consumer,30,6,3341.587,4,2,3,New Customers
DW-13195,David Wiener,Corporate,70,6,1080.751,3,2,1,Potential Loyalists
DW-13480,Dianna Wilson,Home Office,218,5,5271.628,1,2,4,Potential Loyalists
DW-13540,Don Weiss,Consumer,99,5,344.08,2,2,1,Potential Loyalists
DW-13585,Dorothy Wardle,Corporate,243,7,1204.854,1,3,2,At Risk
Dl-13600,Dorris liebe,Corporate,120,5,755.602,2,2,1,Potential Loyalists
Dp-13240,Dean percer,Home Office,85,11,7198.7609999999995,2,4,4,At Risk
EA-14035,Erin Ashbrook,Corporate,153,13,2846.705,2,4,3,At Risk
EB-13705,Ed Braxton,Corporate,49,9,3644.978,3,4,3,Loyal Customers
EB-13750,Edward Becker,Corporate,36,10,3236.314,3,4,3,Loyal Customers
EB-13840,Ellis Ballard,Corporate,91,5,4358.128,2,2,4,Potential Loyalists
EB-13870,Emily Burns,Consumer,101,10,2767.219,2,4,3,At Risk
EB-13930,Eric Barreto,Consumer,162,5,944.6000000000001,2,2,1,Potential Loyalists
EB-13975,Erica Bern,Corporate,1,4,1643.255,4,1,2,New Customers
EB-14110,Eugene Barchas,Consumer,114,6,3071.126,2,2,3,Potential Loyalists
EB-14170,Evan Bailliet,Consumer,83,6,1186.326,2,2,2,Potential Loyalists
EC-14050,Erin Creighton,Consumer,54,5,461.914,3,2,1,Potential Loyalists
ED-13885,Emily Ducich,Home Office,136,8,3484.92,2,3,3,At Risk
EG-13900,Emily Grady,Consumer,23,5,1832.02,4,2,2,New Customers
EH-13765,Edward Hooks,Corporate,136,12,10310.880000000001,2,4,4,At Risk
EH-13945,Eric Hoffmann,Consumer,218,8,684.1709999999999,1,3,1,At Risk
EH-13990,Erica Hackney,Consumer,406,6,825.9499999999999,1,2,1,Lost
EH-14005,Erica Hernandez,Home Office,3,7,1219.53,4,3,2,Loyal Customers
EH-14125,Eugene Hildebrand,Home Office,153,10,3082.653,2,4,3,At Risk
EH-14185,Evan Henry,Consumer,106,6,923.884,2,2,1,Potential Loyalists
EJ-13720,Ed Jacobs,Consumer,303,4,2162.174,1,1,2,Lost
EJ-14155,Eva Jacobs,Consumer,58,5,2656.691,3,2,3,Potential Loyalists
EK-13795,Eileen Kiefer,Home Office,45,4,1303.478,3,1,2,Potential Loyalists
EL-13735,Ed Ludwig,Home Office,78,2,124.28,2,1,1,Potential Loyalists
EM-13810,Eleni McCrary,Corporate,133,5,2567.0099999999998,2,2,3,Potential Loyalists
EM-13825,Elizabeth Moffitt,Corporate,56,8,2339.598,3,3,3,Loyal Customers
EM-13960,Eric Murdock,Consumer,152,5,933.704,2,2,1,Potential Loyalists
EM-14065,Erin Mull,Consumer,48,4,228.99,3,1,1,Potential Loyalists
EM-14095,Eudokia Martin,Corporate,114,4,1041.0420000000001,2,1,1,Potential Loyalists
EM-14140,Eugene Moren,Home Office,49,6,4588.436000000001,3,2,4,Potential Loyalists
EM-14200,Evan Minnotte,Home Office,159,3,366.822,2,1,1,Potential Loyalists
EN-13780,Edward Nazzal,Consumer,288,4,2199.366,1,1,2,Lost
EP-13915,Emily Phan,Consumer,13,17,5478.0608,4,4,4,Champions
ER-13855,Elpida Rittenbach,Corporate,422,3,1245.788,1,1,2,Lost
ES-14020,Erica Smith,Consumer,41,5,3510.4579999999996,3,2,3,Potential Loyalists
ES-14080,Erin Smith,Corporate,29,9,4657.924,4,4,4,Champions
FA-14230,Frank Atkinson,Corporate,98,7,2984.054,2,3,3,At Risk
FC-14245,Frank Carlisle,Home Office,71,7,3418.742,3,3,3,Loyal Customers
FC-14335,Fred Chung,Corporate,185,7,3889.366,1,3,4,At Risk
FG-14260,Frank Gastineau,Home Office,35,7,1383.144,3,3,2,Loyal Customers
FH-14275,Frank Hawley,Corporate,38,10,4256.272,3,4,4,Loyal Customers
FH-14350,Fred Harton,Consumer,213,4,2271.284,1,1,3,Potential Loyalists
FH-14365,Fred Hopkins,Corporate,6,8,6987.196,4,3,4,Loyal Customers
FM-14215,Filia McAdams,Corporate,8,10,2456.638,4,4,3,Champions
FM-14290,Frank Merwin,Home Office,37,9,3736.198,3,4,3,Loyal Customers
FM-14380,Fred McMath,Consumer,146,9,2523.266,2,4,3,At Risk
FO-14305,Frank Olsen,Consumer,39,10,2678.438,3,4,3,Loyal Customers
FP-14320,Frank Preis,Consumer,24,8,4046.746,4,3,4,Loyal Customers
FW-14395,Fred Wasserman,Corporate,363,3,79.75,1,1,1,Lost
GA-14515,George Ashbrook,Consumer,150,8,3919.7760000000003,2,3,4,At Risk
GA-14725,Guy Armstrong,Consumer,6,11,1398.382,4,4,2,Champions
GB-14530,George Bell,Corporate,63,11,1568.44,3,4,2,Loyal Customers
GB-14575,Giulietta Baptist,Consumer,14,5,4716.288,4,2,4,New Customers
GD-14590,Giulietta Dortch,Corporate,6,4,1888.07,4,1,2,New Customers
GG-14650,Greg Guthrie,Corporate,44,9,2224.0,3,4,2,Loyal Customers
GH-14410,Gary Hansen,Home Office,76,9,2819.4669999999996,3,4,3,Loyal Customers
GH-14425,Gary Hwang,Consumer,51,4,4172.8460000000005,3,1,4,Potential Loyalists
GH-14485,Gene Hale,Corporate,388,2,1361.2440000000001,1,1,2,Lost
GH-14665,Greg Hansen,Consumer,3,2,146.94080000000002,4,1,1,New Customers
GK-14620,Grace Kelly,Corporate,113,9,6497.27,2,4,4,At Risk
GM-14440,Gary McGarr,Consumer,84,7,3582.8199999999997,2,3,3,At Risk
GM-14455,Gary Mitchum,Home Office,17,6,3078.624,4,2,3,New Customers
GM-14500,Gene McClure,Consumer,107,10,1255.682,2,4,2,At Risk
GM-14680,Greg Matthias,Consumer,153,6,3163.628,2,2,3,Potential Loyalists
GM-14695,Greg Maxwell,Corporate,118,3,6049.966,2,1,4,Potential Loyalists
GP-14740,Guy Phonely,Corporate,766,2,236.53,1,1,1,Lost
GR-14560,Georgia Rosenberg,Corporate,1136,2,1284.38,1,1,2,Lost
GT-14635,Grant Thornton,Corporate,57,3,9351.212,3,1,4,Potential Loyalists
GT-14710,Greg Tran,Consumer,37,11,11820.119999999999,3,4,4,Loyal Customers
GT-14755,Guy Thornton,Consumer,35,4,226.436,3,1,1,Potential Loyalists
GW-14605,Giulietta Weimer,Consumer,29,7,2189.019,4,3,2,Loyal Customers
GZ-14470,Gary Zandusky,Consumer,8,9,4355.150000000001,4,4,4,Champions
GZ-14545,George Zrebassa,Corporate,158,4,2454.6220000000003,2,1,3,Potential Loyalists
HA-14905,Helen Abelman,Consumer,70,7,2163.3,3,3,2,Loyal Customers
HA-14920,Helen Andreada,Consumer,21,8,2584.158,4,3,3,Loyal Customers
HD-14785,Harold Dahlen,Home Office,770,3,251.36,1,1,1,Lost
HE-14800,Harold Engle,Corporate,13,4,883.5319999999999,4,1,1,New Customers
HF-14995,Herbert Flentye,Consumer,22,7,2533.1639999999998,4,3,3,Loyal Customers
HG-14845,Harry Greene,Consumer,55,5,785.628,3,2,1,Potential Loyalists
HG-14965,Henry Goldwyn,Corporate,24,12,3247.642,4,4,3,Champions
HG-15025,Hunter Glantz,Consumer,7,7,3690.284,4,3,3,Loyal Customers
HH-15010,Hilary Holden,Corporate,73,2,218.668,3,1,1,Potential Loyalists
HJ-14875,Heather Jas,Home Office,127,5,358.1,2,2,1,Potential Loyalists
HK-14890,Heather Kirkland,Corporate,152,8,4877.784,2,3,4,At Risk
HL-15040,Hunter Lopez,Consumer,44,6,12873.297999999999,3,2,4,Potential Loyalists
HM-14860,Harry Marie,Corporate,3,10,8236.7648,4,4,4,Champions
HM-14980,Henry MacAllister,Consumer,248,4,736.276,1,1,1,Lost
HP-14815,Harold Pawlan,Home Office,31,7,1990.314,4,3,2,Loyal Customers
HR-14770,Hallie Redmond,Home Office,14,5,1299.288,4,2,2,New Customers
HR-14830,Harold Ryan,Corporate,160,7,5248.787,2,3,4,At Risk
HW-14935,Helen Wasserman,Corporate,118,8,9300.254,2,3,4,At Risk
HZ-14950,Henia Zydlo,Consumer,36,5,886.52,3,2,1,Potential Loyalists
IG-15085,Ivan Gibson,Consumer,72,4,744.574,3,1,1,Potential Loyalists
IL-15100,Ivan Liston,Consumer,143,7,5040.736,2,3,4,At Risk
IM-15055,Ionia McGrath,Consumer,410,3,2872.63,1,1,3,Potential Loyalists
IM-15070,Irene Maddox,Consumer,391,7,4930.474,1,3,4,At Risk
JA-15970,Joseph Airdo,Consumer,93,8,6491.026,2,3,4,At Risk
JB-15400,Jennifer Braxton,Corporate,8,10,1791.605,4,4,2,Champions
JB-15925,Joni Blumstein,Consumer,738,3,900.552,1,1,1,Lost
JB-16000,Joy Bell-,Consumer,44,7,644.1188,3,3,1,Loyal Customers
JB-16045,Julia Barnett,Home Office,8,5,2518.115,4,2,3,New Customers
JC-15340,Jasper Cacioppo,Consumer,115,4,71.263,2,1,1,Potential Loyalists
JC-15385,Jenna Caffey,Consumer,176,1,1058.108,2,1,1,Potential Loyalists
JC-15775,John Castell,Consumer,159,9,2772.055,2,4,3,At Risk
JC-16105,Julie Creighton,Corporate,58,5,858.576,3,2,1,Potential Loyalists
JD-15790,John Dryer,Consumer,118,5,2152.352,2,2,2,Potential Loyalists
JD-15895,Jonathan Doherty,Corporate,395,11,7610.8640000000005,1,4,4,At Risk
JD-16015,Joy Daniels,Consumer,113,6,385.43,2,2,1,Potential Loyalists
JD-16060,Julia Dunbar,Consumer,301,3,695.442,1,1,1,Lost
JD-16150,Justin Deggeller,Corporate,42,8,8828.0305,3,3,4,Loyal Customers
JE-15475,Jeremy Ellison,Consumer,194,6,1388.682,1,2,2,Lost
JE-15610,Jim Epp,Corporate,49,7,7754.976,3,3,4,Loyal Customers
JE-15715,Joe Elijah,Consumer,47,10,8697.842999999999,3,4,4,Loyal Customers
JE-15745,Joel Eaton,Consumer,52,13,6760.8150000000005,3,4,4,Loyal Customers
JE-16165,Justin Ellison,Corporate,21,3,2697.248,4,1,3,New Customers
JF-15190,Jamie Frazer,Consumer,66,7,2279.5860000000002,3,3,3,Loyal Customers
JF-15295,Jason Fortune-,Consumer,226,5,955.124,1,2,1,Lost
JF-15355,Jay Fein,Consumer,106,6,1911.844,2,2,2,Potential Loyalists
JF-15415,Jennifer Ferguson,Consumer,3,6,2371.448,4,2,3,New Customers
JF-15490,Jeremy Farry,Consumer,122,11,1082.918,2,4,1,At Risk
JF-15565,Jill Fjeld,Consumer,55,8,4198.332,3,3,4,Loyal Customers
JG-15115,Jack Garza,Consumer,759,3,2358.676,1,1,3,Potential Loyalists
JG-15160,James Galang,Consumer,2,11,6366.392,4,4,4,Champions
JG-15310,Jason Gross,Corporate,3,6,2240.58,4,2,2,New Customers
JG-15805,John Grady,Corporate,224,6,1507.018,1,2,2,Lost
JH-15430,Jennifer Halladay,Consumer,6,4,309.281,4,1,1,New Customers
JH-15820,John Huston,Consumer,175,6,528.91,2,2,1,Potential Loyalists
JH-15910,Jonathan Howell,Consumer,42,7,959.477,3,3,1,Loyal Customers
JH-15985,Joseph Holt,Consumer,30,6,7954.9980000000005,4,2,4,New Customers
JH-16180,Justin Hirsh,Consumer,405,4,2256.3940000000002,1,1,2,Lost
JJ-15445,Jennifer Jackson,Consumer,484,5,709.178,1,2,1,Lost
JJ-15760,Joel Jenkins,Home Office,754,2,195.0,1,1,1,Lost
JK-15205,Jamie Kunitz,Consumer,62,5,4427.142,3,2,4,Potential Loyalists
JK-15325,Jason Klamczynski,Corporate,288,3,383.812,1,1,1,Lost
JK-15370,Jay Kimmel,Consumer,45,8,2709.632,3,3,3,Loyal Customers
JK-15625,Jim Karlsson,Consumer,62,7,3760.028,3,3,3,Loyal Customers
JK-15640,Jim Kriz,Home Office,181,9,4760.434,2,4,4,At Risk
JK-15730,Joe Kamberova,Consumer,85,10,4867.2,2,4,4,At Risk
JK-16090,Juliana Krohn,Consumer,29,3,3747.668,4,1,3,New Customers
JK-16120,Julie Kriz,Home Office,118,10,2932.484,2,4,3,At Risk
JL-15130,Jack Lebron,Consumer,9,6,1214.956,4,2,2,New Customers
JL-15175,James Lanier,Home Office,7,5,1571.523,4,2,2,New Customers
JL-15235,Janet Lee,Consumer,120,5,2203.7,2,2,2,Potential Loyalists
JL-15505,Jeremy Lonsdale,Consumer,50,6,3173.874,3,2,3,Potential Loyalists
JL-15835,John Lee,Consumer,22,11,9799.923,4,4,4,Champions
JL-15850,John Lucas,Consumer,615,6,2725.256,1,2,3,Potential Loyalists
JM-15250,Janet Martin,Consumer,38,6,3159.1220000000003,3,2,3,Potential Loyalists
JM-15265,Janet Molinari,Corporate,38,5,1804.146,3,2,2,Potential Loyalists
JM-15535,Jessica Myrick,Consumer,103,7,1733.443,2,3,2,At Risk
JM-15580,Jill Matthias,Consumer,1,5,303.948,4,2,1,New Customers
JM-15655,Jim Mitchum,Corporate,9,5,864.947,4,2,1,New Customers
JM-15865,John Murray,Consumer,110,7,7625.076000000001,2,3,4,At Risk
JM-16195,Justin MacKendrick,Consumer,58,10,2833.9260000000004,3,4,3,Loyal Customers
JO-15145,Jack O'Briant,Corporate,58,9,3254.949,3,4,3,Loyal Customers
JO-15280,Jas O'Carroll,Consumer,93,6,1934.272,2,2,2,Potential Loyalists
JO-15550,Jesus Ocampo,Home Office,216,5,1090.838,1,2,1,Lost
JP-15460,Jennifer Patt,Corporate,38,7,1669.135,3,3,2,Loyal Customers
JP-15520,Jeremy Pistek,Consumer,9,7,3635.594,4,3,3,Loyal Customers
JP-16135,Julie Prescott,Home Office,103,9,1707.71,2,4,2,At Risk
JR-15670,Jim Radford,Consumer,594,2,1156.658,1,1,2,Lost
JR-15700,Jocasta Rupert,Consumer,69,1,863.88,3,1,1,Potential Loyalists
JR-16210,Justin Ritter,Corporate,34,5,2201.686,3,2,2,Potential Loyalists
JS-15595,Jill Stevenson,Corporate,120,4,1417.654,2,1,2,Potential Loyalists
JS-15685,Jim Sink,Corporate,43,4,1131.0639999999999,3,1,1,Potential Loyalists
JS-15880,John Stevenson,Consumer,535,5,3868.02,1,2,4,Potential Loyalists
JS-15940,Joni Sundaresam,Home Office,464,5,469.169,1,2,1,Lost
JS-16030,Joy Smith,Consumer,29,6,2516.494,4,2,3,New Customers
JW-15220,Jane Waco,Corporate,43,6,7721.714,3,2,4,Potential Loyalists
JW-15955,Joni Wasserman,Consumer,6,7,1244.086,4,3,2,Loyal Customers
JW-16075,Julia West,Consumer,462,4,1428.731,1,1,2,Lost
KA-16525,Kelly Andreada,Consumer,37,7,1519.506,3,3,2,Loyal Customers
KB-16240,Karen Bern,Corporate,5,7,3152.6150000000002,4,3,3,Loyal Customers
KB-16315,Karl Braun,Consumer,297,9,1569.464,1,4,2,At Risk
KB-16405,Katrina Bavinger,Home Office,118,3,908.821,2,1,1,Potential Loyalists
KB-16585,Ken Black,Corporate,231,12,2744.742,1,4,3,At Risk
KB-16600,Ken Brennan,Corporate,2,7,983.922,4,3,1,Loyal Customers
KC-16255,Karen Carlisle,Corporate,408,6,2120.954,1,2,2,Lost
KC-16540,Kelly Collister,Consumer,98,4,3908.262,2,1,4,Potential Loyalists
KC-16675,Kimberly Carter,Corporate,58,4,1146.05,3,1,1,Potential Loyalists
KD-16270,Karen Daniels,Consumer,485,5,8282.358,1,2,4,Potential Loyalists
KD-16345,Katherine Ducich,Consumer,42,6,1888.964,3,2,2,Potential Loyalists
KD-16495,Keith Dawkins,Corporate,113,12,8181.256,2,4,4,At Risk
KD-16615,Ken Dana,Corporate,290,5,2243.5099999999998,1,2,2,Lost
KE-16420,Katrina Edelman,Corporate,27,8,1686.7312,4,3,2,Loyal Customers
KF-16285,Karen Ferguson,Home Office,98,7,10604.266,2,3,4,At Risk
KH-16330,Katharine Harms,Corporate,41,8,3312.864,3,3,3,Loyal Customers
KH-16360,Katherine Hughes,Consumer,2,6,3100.612,4,2,3,New Customers
KH-16510,Keith Herrera,Consumer,23,7,5952.859,4,3,4,Loyal Customers
KH-16630,Ken Heidel,Corporate,59,9,3918.9660000000003,3,4,4,Loyal Customers
KH-16690,Kristen Hastings,Corporate,3,7,5990.799,4,3,4,Loyal Customers
KL-16555,Kelly Lampkin,Corporate,17,8,5016.488,4,4,4,Champions
KL-16645,Ken Lonsdale,Consumer,48,12,14175.229000000001,3,4,4,Loyal Customers
KM-16225,Kalyca Meade,Corporate,15,6,2260.958,4,2,3,New Customers
KM-16375,Katherine Murray,Home Office,57,8,5620.186,3,4,4,Loyal Customers
KM-16660,Khloe Miller,Consumer,16,5,453.538,4,2,1,New Customers
KM-16720,Kunst Miller,Consumer,29,8,4909.472,4,4,4,Champions
KN-16390,Katherine Nockton,Corporate,20,9,2617.272,4,4,3,Champions
KN-16450,Kean Nguyen,Corporate,53,5,2171.962,3,2,2,Potential Loyalists
KN-16705,Kristina Nunn,Home Office,99,8,2280.58,2,4,3,At Risk
KS-16300,Karen Seio,Corporate,296,3,88.472,1,1,1,Lost
KT-16465,Kean Takahito,Consumer,392,7,3057.1,1,3,3,At Risk
KT-16480,Kean Thornton,Consumer,101,10,4642.088400000001,2,4,4,At Risk
KW-16435,Katrina Willman,Consumer,97,5,4416.5199999999995,2,2,4,Potential Loyalists
KW-16570,Kelly Williams,Consumer,772,4,449.096,1,1,1,Lost
LA-16780,Laura Armstrong,Corporate,155,11,8673.222,2,4,4,At Risk
LB-16735,Larry Blacks,Consumer,49,3,50.188,3,1,1,Potential Loyalists
LB-16795,Laurel Beltran,Home Office,153,8,4985.676,2,4,4,At Risk
LC-16870,Lena Cacioppo,Consumer,28,8,2580.7039999999997,4,4,3,Champions
LC-16885,Lena Creighton,Consumer,17,12,7663.126,4,4,4,Champions
LC-16930,Linda Cazamias,Corporate,42,8,4492.946,3,4,4,Loyal Customers
LC-16960,Lindsay Castell,Home Office,437,4,3246.626,1,1,3,Potential Loyalists
LC-17050,Liz Carlisle,Consumer,55,5,2095.064,3,2,2,Potential Loyalists
LC-17140,Logan Currie,Consumer,14,9,2633.582,4,4,3,Champions
LD-16855,Lela Donovan,Corporate,553,1,5.304,1,1,1,Lost
LD-17005,Lisa DeCherney,Consumer,415,4,1961.934,1,1,2,Lost
LE-16810,Laurel Elliston,Consumer,22,6,1469.45,4,2,2,New Customers
LF-17185,Luke Foster,Consumer,23,7,3930.5089999999996,4,3,4,Loyal Customers
LH-16750,Larry Hughes,Consumer,152,3,287.426,2,1,1,Potential Loyalists
LH-16900,Lena Hernandez,Consumer,22,9,2295.332,4,4,3,Champions
LH-17020,Lisa Hazard,Consumer,240,4,318.239,1,1,1,Lost
LH-17155,Logan Haushalter,Consumer,386,9,1739.689,1,4,2,At Risk
LL-16840,Lauren Leatherbury,Consumer,250,6,2741.2039999999997,1,2,3,Potential Loyalists
LM-17065,Liz MacKendrick,Consumer,392,5,1346.774,1,2,2,Lost
LO-17170,Lori Olson,Corporate,3,5,644.35,4,2,1,New Customers
LP-17080,Liz Pelletier,Consumer,41,4,756.606,3,1,1,Potential Loyalists
LP-17095,Liz Preis,Consumer,10,7,3653.399,4,3,3,Loyal Customers
LR-16915,Lena Radford,Consumer,27,6,5142.892,4,2,4,New Customers
LR-17035,Lisa Ryan,Corporate,133,5,1879.306,2,2,2,Potential Loyalists
LS-16945,Linda Southworth,Corporate,179,6,2845.27,2,2,3,Potential Loyalists
LS-16975,Lindsay Shagiari,Home Office,21,9,2988.674,4,4,3,Champions
LS-17200,Luke Schmidt,Corporate,97,6,1010.2560000000001,2,2,1,Potential Loyalists
LS-17230,Lycoris Saunders,Consumer,778,3,368.88000000000005,1,1,1,Lost
LS-17245,Lynn Smith,Consumer,35,6,1008.1360000000001,3,2,1,Potential Loyalists
LT-16765,Larry Tron,Consumer,27,3,329.876,4,1,1,New Customers
LT-17110,Liz Thompson,Consumer,35,8,2936.252,3,4,3,Loyal Customers
LW-16825,Laurel Workman,Corporate,89,5,2238.061,2,2,2,Potential Loyalists
LW-16990,Lindsay Williams,Corporate,34,6,3230.308,3,2,3,Potential Loyalists
LW-17125,Liz Willingham,Consumer,206,3,1259.04,1,1,2,Lost
LW-17215,Luke Weiss,Consumer,22,7,5420.514,4,3,4,Loyal Customers
MA-17560,Matt Abelman,Home Office,65,11,4299.161,3,4,4,Loyal Customers
MA-17995,Michelle Arnett,Home Office,187,6,2453.284,1,2,3,Potential Loyalists
MB-17305,Maria Bertelson,Consumer,49,10,1548.702,3,4,2,Loyal Customers
MB-18085,Mick Brown,Consumer,45,7,1428.231,3,3,2,Loyal Customers
MC-17275,Marc Crier,Consumer,77,8,2725.982,2,4,3,At Risk
MC-17425,Mark Cousins,Corporate,400,5,4432.138,1,2,4,Potential Loyalists
MC-17575,Matt Collins,Consumer,28,8,1303.893,4,4,2,Champions
MC-17590,Matt Collister,Corporate,52,6,2426.067,3,3,3,Loyal Customers
MC-17605,Matt Connell,Corporate,113,8,2258.192,2,4,3,At Risk
MC-17635,Matthew Clasen,Corporate,190,4,795.154,1,1,1,Lost
MC-17845,Michael Chen,Consumer,2,7,3805.714,4,3,4,Loyal Customers
MC-18100,Mick Crebagga,Consumer,42,10,2218.98,3,4,2,Loyal Customers
MC-18130,Mike Caudle,Corporate,370,5,1581.9979999999998,1,2,2,Lost
MD-17350,Maribeth Dona,Consumer,118,7,3766.382,2,3,3,At Risk
MD-17860,Michael Dominguez,Corporate,37,5,1204.91,3,2,2,Potential Loyalists
ME-17320,Maria Etezadi,Home Office,43,10,10663.728000000001,3,4,4,Loyal Customers
ME-17725,Max Engle,Consumer,29,8,1908.4532,4,4,2,Champions
ME-18010,Michelle Ellison,Corporate,93,4,1256.944,2,1,2,Potential Loyalists
MF-17665,Maureen Fritzler,Corporate,422,5,937.039,1,2,1,Lost
MF-18250,Monica Federle,Corporate,8,5,1758.3,4,2,2,New Customers
MG-17650,Matthew Grinstein,Home Office,30,7,3785.276,4,3,3,Loyal Customers
MG-17680,Maureen Gastineau,Home Office,93,4,2350.188,2,1,3,Potential Loyalists
MG-17695,Maureen Gnade,Consumer,556,3,1342.282,1,1,2,Lost
MG-17875,Michael Grace,Home Office,117,5,1242.8329999999999,2,2,2,Potential Loyalists
MG-17890,Michael Granlund,Home Office,100,9,776.384,2,4,1,At Risk
MG-18145,Mike Gockenbach,Consumer,85,4,3061.543,2,1,3,Potential Loyalists
MG-18205,Mitch Gastineau,Corporate,265,1,16.739,1,1,1,Lost
MH-17290,Marc Harrigan,Home Office,120,6,2394.025,2,3,3,At Risk
MH-17440,Mark Haberlin,Corporate,377,4,400.016,1,1,1,Lost
MH-17455,Mark Hamilton,Consumer,86,8,2456.1820000000002,2,4,3,At Risk
MH-17620,Matt Hagelstein,Corporate,156,4,1252.8,2,1,2,Potential Loyalists
MH-17785,Maya Herman,Corporate,99,7,2203.7780000000002,2,3,2,At Risk
MH-18025,Michelle Huthwaite,Consumer,50,5,2984.948,3,2,3,Potential Loyalists
MH-18115,Mick Hernandez,Home Office,6,9,5503.093,4,4,4,Champions
MJ-17740,Max Jones,Consumer,23,7,6320.746,4,3,4,Loyal Customers
MK-17905,Michael Kennedy,Corporate,29,8,2302.368,4,4,3,Champions
MK-18160,Mike Kennedy,Consumer,241,4,1031.602,1,1,1,Lost
ML-17395,Marina Lichtenstein,Corporate,70,9,2722.843,3,4,3,Loyal Customers
ML-17410,Maris LaWare,Consumer,55,6,2921.5,3,3,3,Loyal Customers
ML-17755,Max Ludwig,Home Office,30,7,2071.9139999999998,4,3,2,Loyal Customers
ML-18040,Michelle Lonsdale,Corporate,80,3,742.082,2,1,1,Potential Loyalists
ML-18265,Muhammed Lee,Consumer,101,2,162.232,2,1,1,Potential Loyalists
MM-17260,Magdelene Morse,Consumer,169,4,1314.023,2,1,2,Potential Loyalists
MM-17920,Michael Moore,Consumer,8,11,3794.0800000000004,4,4,4,Champions
MM-18055,Michelle Moray,Consumer,62,8,2749.881,3,4,3,Loyal Customers
MM-18280,Muhammed MacIntyre,Corporate,86,9,775.414,2,4,1,At Risk
MN-17935,Michael Nguyen,Consumer,35,6,2477.946,3,3,3,Loyal Customers
MO-17500,Mary O'Rourke,Consumer,73,4,922.487,3,1,1,Potential Loyalists
MO-17800,Meg O'Connel,Home Office,105,8,1687.0269999999998,2,4,2,At Risk
MO-17950,Michael Oakman,Consumer,181,2,154.288,2,1,1,Potential Loyalists
MP-17470,Mark Packer,Home Office,720,7,3206.132,1,3,3,At Risk
MP-17965,Michael Paige,Corporate,73,9,3983.6420000000003,3,4,4,Loyal Customers
MP-18175,Mike Pelletier,Home Office,17,9,5087.92,4,4,4,Champions
MR-17545,Mathew Reese,Home Office,126,4,639.178,2,1,1,Potential Loyalists
MS-17365,Maribeth Schnelling,Consumer,274,10,7443.6900000000005,1,4,4,At Risk
MS-17530,MaryBeth Skach,Consumer,435,4,475.65599999999995,1,1,1,Lost
MS-17710,Maurice Satty,Consumer,414,6,1613.402,1,3,2,At Risk
MS-17770,Maxwell Schwartz,Consumer,122,9,3144.678,2,4,3,At Risk
MS-17830,Melanie Seite,Consumer,453,4,370.348,1,1,1,Lost
MS-17980,Michael Stewart,Corporate,27,6,855.116,4,3,1,Loyal Customers
MT-17815,Meg Tillman,Consumer,50,6,2890.139,3,3,3,Loyal Customers
MT-18070,Michelle Tran,Home Office,204,4,1319.4498,1,1,2,Lost
MV-17485,Mark Van Huff,Consumer,28,9,1560.05,4,4,2,Champions
MV-18190,Mike Vittorini,Consumer,20,7,1734.574,4,3,2,Loyal Customers
MW-18220,Mitch Webber,Consumer,18,7,5341.900000000001,4,3,4,Loyal Customers
MW-18235,Mitch Willingham,Corporate,45,2,5253.876,3,1,4,Potential Loyalists
MY-17380,Maribeth Yedwab,Corporate,30,7,2254.285,4,3,2,Loyal Customers
MY-18295,Muhammed Yedwab,Corporate,72,11,4152.696,3,4,4,Loyal Customers
MZ-17335,Maria Zettner,Home Office,31,4,593.606,4,1,1,New Customers
MZ-17515,Mary Zewe,Corporate,283,6,2564.906,1,3,3,At Risk
NB-18580,Nicole Brennan,Corporate,1166,2,273.87199999999996,1,1,1,Lost
NB-18655,Nona Balk,Corporate,20,9,1972.599,4,4,2,Champions
NC-18340,Nat Carroll,Consumer,225,5,2461.404,1,2,3,Potential Loyalists
NC-18415,Nathan Cano,Consumer,42,6,2218.9900000000002,3,3,2,Loyal Customers
NC-18535,Nick Crebassa,Corporate,7,7,8241.739,4,3,4,Loyal Customers
NC-18625,Noah Childs,Corporate,205,5,1821.742,1,2,2,Lost
ND-18370,Natalie DeCherney,Consumer,28,9,4326.139,4,4,4,Champions
ND-18460,Neil Ducich,Corporate,184,6,2893.455,2,3,3,At Risk
NF-18385,Natalie Fritzler,Consumer,80,7,8322.826,2,3,4,At Risk
NF-18475,Neil Französisch,Home Office,526,4,377.16200000000003,1,1,1,Lost
NF-18595,Nicole Fjeld,Home Office,115,7,2031.472,2,3,2,At Risk
NG-18355,Nat Gilpin,Corporate,49,5,1869.58,3,2,2,Potential Loyalists
NG-18430,Nathan Gelder,Consumer,49,5,1395.9379999999999,3,2,2,Potential Loyalists
NH-18610,Nicole Hansen,Corporate,190,7,2673.29,1,3,3,At Risk
NK-18490,Neil Knudson,Home Office,71,7,572.048,3,3,1,Loyal Customers
NL-18310,Nancy Lomonaco,Home Office,59,4,1418.0900000000001,3,1,2,Potential Loyalists
NM-18445,Nathan Mautz,Home Office,161,7,6459.344,2,3,4,At Risk
NM-18520,Neoma Murray,Consumer,245,10,2161.979,1,4,2,At Risk
NP-18325,Naresj Patel,Consumer,26,6,5529.62,4,3,4,Loyal Customers
NP-18670,Nora Paige,Consumer,59,5,3908.402,3,2,4,Potential Loyalists
NP-18685,Nora Pelletier,Home Office,407,6,1228.698,1,3,2,At Risk
NP-18700,Nora Preis,Consumer,139,7,7903.1825,2,3,4,At Risk
NR-18550,Nick Radford,Consumer,211,5,2367.277,1,2,3,Potential Loyalists
NS-18505,Neola Schneider,Consumer,7,4,2575.863,4,1,3,New Customers
NS-18640,Noel Staavos,Corporate,175,13,2964.823,2,4,3,At Risk
NW-18400,Natalie Webber,Consumer,173,7,7234.014,2,3,4,At Risk
NZ-18565,Nick Zandusky,Home Office,86,9,2488.31,2,4,3,At Risk
ON-18715,Odella Nelson,Corporate,411,9,1567.52,1,4,2,At Risk
OT-18730,Olvera Toch,Consumer,66,5,3818.624,3,2,4,Potential Loyalists
PA-19060,Pete Armstrong,Home Office,104,6,729.408,2,3,1,At Risk
PB-18805,Patrick Bzostek,Home Office,26,3,740.356,4,1,1,New Customers
PB-19105,Peter Bühler,Consumer,58,4,688.324,3,1,1,Potential Loyalists
PB-19150,Philip Brown,Consumer,98,8,1456.95,2,4,2,At Risk
PB-19210,Phillip Breyer,Corporate,689,2,132.738,1,1,1,Lost
PC-18745,Pamela Coakley,Corporate,3,4,1832.064,4,1,2,New Customers
PC-19000,Pauline Chand,Home Office,883,2,1061.488,1,1,1,Lost
PF-19120,Peter Fuller,Consumer,836,4,9062.864,1,1,4,Potential Loyalists
PF-19165,Philip Fox,Consumer,197,6,2770.0,1,3,3,At Risk
PF-19225,Phillip Flathmann,Consumer,115,5,2206.1279999999997,2,2,2,Potential Loyalists
PG-18820,Patrick Gardner,Consumer,37,13,3086.907,3,4,3,Loyal Customers
PG-18895,Paul Gonzalez,Consumer,58,9,1987.164,3,4,2,Loyal Customers
PH-18790,Patricia Hirasaki,Home Office,71,1,729.648,3,1,1,Potential Loyalists
PJ-18835,Patrick Jones,Corporate,40,8,1220.09,3,4,2,Loyal Customers
PJ-19015,Pauline Johnson,Consumer,135,7,1824.2340000000002,2,3,2,At Risk
PK-18910,Paul Knutson,Home Office,484,2,1441.152,1,1,2,Lost
PK-19075,Pete Kriz,Consumer,10,12,8646.934,4,4,4,Champions
PL-18925,Paul Lucas,Home Office,16,5,239.481,4,2,1,New Customers
PM-18940,Paul MacIntyre,Consumer,387,3,1405.402,1,1,2,Lost
PM-19135,Peter McVee,Home Office,52,4,4115.662,3,1,4,Potential Loyalists
PN-18775,Parhena Norris,Home Office,31,8,1467.152,4,4,2,Champions
PO-18850,Patrick O'Brill,Consumer,5,11,7473.8282,4,4,4,Champions
PO-18865,Patrick O'Donnell,Consumer,1,7,2493.214,4,3,3,Loyal Customers
PO-19180,Philisse Overcash,Home Office,161,9,4893.043,2,4,4,At Risk
PO-19195,Phillina Ober,Home Office,87,5,1056.858,2,2,1,Potential Loyalists
PP-18955,Paul Prost,Home Office,98,10,7252.608,2,4,4,At Risk
PR-18880,Patrick Ryan,Consumer,37,5,1840.178,3,2,2,Potential Loyalists
PS-18760,Pamela Stobb,Consumer,108,6,2181.479,2,3,2,At Risk
PS-18970,Paul Stevenson,Home Office,70,8,1278.639,3,4,2,Loyal Customers
PS-19045,Penelope Sewall,Home Office,237,7,6843.634,1,3,4,At Risk
PT-19090,Pete Takahito,Consumer,72,4,160.572,3,1,1,Potential Loyalists
PV-18985,Paul Van Hugh,Home Office,90,5,2876.046,2,2,3,Potential Loyalists
PW-19030,Pauline Webber,Corporate,47,10,3454.916,3,4,3,Loyal Customers
PW-19240,Pierre Wener,Consumer,465,7,3922.4150000000004,1,3,4,At Risk
QJ-19255,Quincy Jones,Corporate,26,9,6108.338,4,4,4,Champions
RA-19285,Ralph Arnett,Consumer,6,9,2617.906,4,4,3,Champions
RA-19885,Ruben Ausman,Corporate,44,7,3832.314,3,3,4,Loyal Customers
RA-19915,Russell Applegate,Consumer,13,9,4793.543,4,4,4,Champions
RA-19945,Ryan Akin,Consumer,62,5,1686.9225,3,2,2,Potential Loyalists
RB-19330,Randy Bradley,Consumer,69,2,1008.1959999999999,3,1,1,Potential Loyalists
RB-19360,Raymond Buch,Consumer,97,6,15117.339,2,3,4,At Risk
RB-19435,Richard Bierner,Consumer,20,8,2663.0860000000002,4,4,3,Champions
RB-19465,Rick Bensley,Home Office,10,12,4715.466,4,4,4,Champions
RB-19570,Rob Beeghly,Consumer,26,5,528.546,4,2,1,New Customers
RB-19645,Robert Barroso,Corporate,649,5,221.084,1,2,1,Lost
RB-19705,Roger Barcio,Home Office,55,4,2067.45,3,1,2,Potential Loyalists
RB-19795,Ross Baird,Home Office,33,8,5633.316000000001,3,4,4,Loyal Customers
RC-19825,Roy Collins,Consumer,370,6,966.409,1,3,1,At Risk
RC-19960,Ryan Crowe,Consumer,111,6,885.752,2,3,1,At Risk
RD-19480,Rick Duston,Consumer,73,8,4272.93,3,4,4,Loyal Customers
RD-19585,Rob Dowd,Consumer,181,10,2912.8940000000002,2,4,3,At Risk
RD-19660,Robert Dilbeck,Home Office,115,5,2786.632,2,2,3,Potential Loyalists
RD-19720,Roger Demir,Consumer,22,10,1419.737,4,4,2,Champions
RD-19810,Ross DeVincentis,Home Office,15,8,1137.616,4,4,1,Champions
RD-19900,Ruben Dartt,Consumer,115,9,3133.924,2,4,3,At Risk
RD-19930,Russell D'Ascenzo,Consumer,43,4,970.9420000000001,3,1,1,Potential Loyalists
RE-19405,Ricardo Emerson,Consumer,1098,1,48.36,1,1,1,Lost
RE-19450,Richard Eichhorn,Consumer,303,5,876.696,1,2,1,Lost
RF-19345,Randy Ferguson,Corporate,391,8,3309.15,1,4,3,At Risk
RF-19735,Roland Fjeld,Consumer,90,7,2341.2960000000003,2,3,3,At Risk
RF-19840,Roy Französisch,Consumer,7,8,945.222,4,4,1,Champions
RH-19495,Rick Hansen,Consumer,33,5,3621.3759999999997,3,2,3,Potential Loyalists
RH-19510,Rick Huthwaite,Home Office,468,6,6979.18,1,3,4,At Risk
RH-19555,Ritsa Hightower,Consumer,520,2,740.382,1,1,1,Lost
RH-19600,Rob Haberlin,Consumer,535,3,2085.7400000000002,1,1,2,Lost
RK-19300,Ralph Kennedy,Consumer,120,3,1460.192,2,1,2,Potential Loyalists
RL-19615,Rob Lucas,Consumer,122,8,6234.91,2,4,4,At Risk
RM-19375,Raymond Messe,Consumer,346,6,1453.474,1,3,2,At Risk
RM-19675,Robert Marley,Home Office,7,5,5979.0960000000005,4,2,4,New Customers
RM-19750,Roland Murray,Consumer,300,1,98.35,1,1,1,Lost
RO-19780,Rose O'Brian,Consumer,36,7,3815.478,3,3,4,Loyal Customers
RP-19270,Rachel Payne,Corporate,497,4,954.6452,1,1,1,Lost
RP-19390,Resi Pölking,Consumer,34,12,5153.084,3,4,4,Loyal Customers
RP-19855,Roy Phan,Corporate,29,8,2170.716,4,4,2,Champions
RR-19315,Ralph Ritter,Consumer,20,2,615.932,4,1,1,New Customers
RR-19525,Rick Reed,Corporate,171,6,3302.2619999999997,2,3,3,At Risk
RS-19420,Ricardo Sperren,Corporate,77,5,3221.29,2,2,3,Potential Loyalists
RS-19765,Roland Schwarz,Corporate,37,8,4159.7699999999995,3,4,4,Loyal Customers
RS-19870,Roy Skaria,Home Office,20,2,22.328,4,1,1,New Customers
RW-19540,Rick Wilson,Corporate,121,7,7397.401,2,3,4,At Risk
RW-19630,Rob Williams,Corporate,90,9,3279.746,2,4,3,At Risk
RW-19690,Robert Waldorf,Consumer,80,5,3495.646,2,2,3,Potential Loyalists
SA-20830,Sue Ann Reed,Consumer,64,10,4767.3415,3,4,4,Loyal Customers
SB-20170,Sarah Bern,Consumer,202,3,1348.02,1,1,2,Lost
SB-20185,Sarah Brown,Consumer,189,6,6410.996,1,3,4,At Risk
SB-20290,Sean Braxton,Corporate,48,7,8057.891,3,3,4,Loyal Customers
SC-20020,Sam Craven,Consumer,782,5,3362.9636,1,2,3,Potential Loyalists
SC-20050,Sample Company A,Home Office,41,9,4624.572,3,4,4,Loyal Customers
SC-20095,Sanjit Chand,Consumer,350,9,14142.333999999999,1,4,4,At Risk
SC-20230,Scot Coram,Corporate,150,4,4371.9580000000005,2,1,4,Potential Loyalists
SC-20260,Scott Cohen,Corporate,188,8,3729.7929999999997,1,4,3,At Risk
SC-20305,Sean Christensen,Consumer,30,7,3979.065,4,3,4,Loyal Customers
SC-20380,Shahid Collister,Consumer,31,9,5992.536,4,4,4,Champions
SC-20440,Shaun Chance,Corporate,37,7,1874.998,3,3,2,Loyal Customers
SC-20575,Sonia Cooley,Consumer,93,5,902.7280000000001,2,2,1,Potential Loyalists
SC-20680,Steve Carroll,Home Office,127,6,1254.64,2,3,2,At Risk
SC-20695,Steve Chapman,Corporate,90,10,2576.408,2,4,3,At Risk
SC-20725,Steven Cartwright,Consumer,188,11,5226.21,1,4,4,At Risk
SC-20770,Stewart Carmichael,Corporate,42,7,4492.657,3,3,4,Loyal Customers
SC-20800,Stuart Calhoun,Consumer,31,4,279.25600000000003,4,1,1,New Customers
SC-20845,Sung Chung,Consumer,132,2,280.632,2,1,1,Potential Loyalists
SD-20485,Shirley Daniels,Home Office,201,9,6121.114,1,4,4,At Risk
SE-20110,Sanjit Engle,Consumer,10,11,12209.438000000002,4,4,4,Champions
SF-20065,Sandra Flanagan,Consumer,60,7,763.5459999999999,3,3,1,Loyal Customers
SF-20200,Sarah Foster,Consumer,60,9,3422.7859999999996,3,4,3,Loyal Customers
SF-20965,Sylvia Foulston,Corporate,49,9,3336.535,3,4,3,Loyal Customers
SG-20080,Sandra Glassco,Consumer,9,3,3406.5809999999997,4,1,3,New Customers
SG-20470,Sheri Gordon,Consumer,184,8,1884.798,2,4,2,At Risk
SG-20605,Speros Goranitis,Consumer,109,6,3124.832,2,3,3,At Risk
SG-20890,Susan Gilcrest,Corporate,227,3,47.946,1,1,1,Lost
SH-19975,Sally Hughsby,Corporate,30,13,3406.8395,4,4,3,Champions
SH-20395,Shahid Hopkins,Consumer,24,10,2180.718,4,4,2,Champions
SH-20635,Stefanie Holloman,Corporate,766,2,2096.392,1,1,2,Lost
SJ-20125,Sanjit Jacobs,Home Office,96,12,3949.656,2,4,4,At Risk
SJ-20215,Sarah Jordon,Consumer,30,6,1341.036,4,3,2,Loyal Customers
SJ-20500,Shirley Jackson,Consumer,254,5,1318.776,1,2,2,Lost
SK-19990,Sally Knutson,Consumer,9,3,883.409,4,1,1,New Customers
SL-20155,Sara Luxemburg,Home Office,71,7,3053.012,3,3,3,Loyal Customers
SM-20005,Sally Matthias,Consumer,422,4,244.49399999999997,1,1,1,Lost
SM-20320,Sean Miller,Home Office,80,5,25043.05,2,2,4,Potential Loyalists
SM-20905,Susan MacKendrick,Consumer,607,1,1043.041,1,1,1,Lost
SM-20950,Suzanne McNair,Corporate,26,12,5563.392,4,4,4,Champions
SN-20560,Skye Norling,Home Office,112,6,1860.418,2,3,2,At Risk
SN-20710,Steve Nguyen,Home Office,80,7,3127.9592,2,3,3,At Risk
SO-20335,Sean O'Donnell,Consumer,30,6,2602.5755,4,3,3,Loyal Customers
SP-20545,Sibella Parks,Corporate,328,6,1306.086,1,3,2,At Risk
SP-20620,Stefania Perrino,Corporate,48,9,5440.319,3,4,4,Loyal Customers
SP-20650,Stephanie Phelps,Corporate,387,9,1872.4360000000001,1,4,2,At Risk
SP-20860,Sung Pak,Corporate,80,10,4282.94,2,4,4,At Risk
SP-20920,Susan Pistek,Consumer,71,6,3990.689,3,3,4,Loyal Customers
SR-20425,Sharelle Roach,Home Office,9,5,3233.481,4,2,3,New Customers
SR-20740,Steven Roelle,Home Office,197,8,4345.8859999999995,1,4,4,At Risk
SS-20140,Saphhira Shifley,Corporate,16,8,1324.028,4,4,2,Champions
SS-20410,Shahid Shariari,Consumer,111,6,3056.8070000000002,2,3,3,At Risk
SS-20515,Shirley Schmidt,Home Office,492,3,613.4,1,1,1,Lost
SS-20590,Sonia Sunley,Consumer,433,6,418.49,1,3,1,At Risk
SS-20875,Sung Shariari,Consumer,121,5,964.636,2,2,1,Potential Loyalists
ST-20530,Shui Tom,Consumer,126,7,433.34000000000003,2,3,1,At Risk
SU-20665,Stephanie Ulpright,Home Office,21,7,2595.364,4,3,3,Loyal Customers
SV-20365,Seth Vernon,Consumer,102,10,11470.949999999999,2,4,4,At Risk
SV-20785,Stewart Visinsky,Consumer,321,9,4105.305,1,4,4,At Risk
SV-20815,Stuart Van,Corporate,77,4,1271.0900000000001,2,1,2,Potential Loyalists
SV-20935,Susan Vittorini,Consumer,3,8,1903.491,4,4,2,Champions
SW-20245,Scot Wooten,Consumer,82,7,1085.078,2,3,1,At Risk
SW-20275,Scott Williamson,Consumer,31,6,1966.65,4,3,2,Loyal Customers
SW-20350,Sean Wendt,Home Office,163,3,1019.044,2,1,1,Potential Loyalists
SW-20455,Shaun Weien,Consumer,163,7,2921.544,2,3,3,At Risk
SW-20755,Steven Ward,Corporate,535,2,758.6959999999999,1,1,1,Lost
SZ-20035,Sam Zeldin,Home Office,36,11,3625.329,3,4,3,Loyal Customers
TA-21385,Tom Ashbrook,Home Office,70,4,14595.62,3,1,4,Potential Loyalists
TB-21055,Ted Butterfield,Consumer,120,5,1467.881,2,2,2,Potential Loyalists
TB-21175,Thomas Boland,Corporate,59,4,3589.296,3,1,3,Potential Loyalists
TB-21190,Thomas Brumley,Home Office,50,4,816.1740000000001,3,1,1,Potential Loyalists
TB-21250,Tim Brockman,Consumer,350,7,1602.376,1,3,2,At Risk
TB-21280,Toby Braunhardt,Consumer,584,6,2198.45,1,3,2,At Risk
TB-21355,Todd Boyes,Corporate,147,5,834.328,2,2,1,Potential Loyalists
TB-21400,Tom Boeckenhauer,Consumer,203,7,9133.99,1,3,4,At Risk
TB-21520,Tracy Blumstein,Consumer,108,9,4737.486,2,4,4,At Risk
TB-21595,Troy Blackwell,Consumer,286,5,1387.559,1,2,2,Lost
TB-21625,Trudy Brown,Consumer,31,9,2797.668,4,4,3,Champions
TC-20980,Tamara Chand,Corporate,400,5,19052.218,1,2,4,Potential Loyalists
TC-21145,Theresa Coyne,Corporate,107,1,1038.26,2,1,1,Potential Loyalists
TC-21295,Toby Carlisle,Consumer,28,8,4266.812,4,4,4,Champions
TC-21475,Tony Chapman,Home Office,154,9,1244.976,2,4,2,At Risk
TC-21535,Tracy Collins,Home Office,5,7,742.5580000000001,4,3,1,Loyal Customers
TD-20995,Tamara Dahlen,Consumer,38,9,1434.5480000000002,3,4,2,Loyal Customers
TG-21310,Toby Gnade,Consumer,338,5,3058.372,1,2,3,Potential Loyalists
TG-21640,Trudy Glocke,Consumer,115,4,2074.661,2,1,2,Potential Loyalists
TH-21100,Thea Hendricks,Consumer,345,5,2422.824,1,2,3,Potential Loyalists
TH-21115,Thea Hudgings,Corporate,59,4,2942.772,3,1,3,Potential Loyalists
TH-21235,Tiffany House,Corporate,118,8,1022.201,2,4,1,At Risk
TH-21550,Tracy Hopkins,Home Office,73,7,4234.0960000000005,3,3,4,Loyal Customers
TM-21010,Tamara Manning,Consumer,104,8,2955.2259999999997,2,4,3,At Risk
TM-21490,Tony Molinari,Consumer,131,3,1094.6779999999999,2,1,1,Potential Loyalists
TN-21040,Tanja Norvell,Home Office,91,7,3130.221,2,3,3,At Risk
TP-21130,Theone Pippenger,Consumer,9,9,4454.0560000000005,4,4,4,Champions
TP-21415,Tom Prescott,Consumer,105,5,5329.0048,2,2,4,Potential Loyalists
TP-21565,Tracy Poddar,Corporate,351,4,1936.6399999999999,1,1,2,Lost
TR-21325,Toby Ritter,Consumer,194,5,675.9419999999999,1,2,1,Lost
TS-21085,Thais Sissman,Consumer,358,2,4.833,1,1,1,Lost
TS-21160,Theresa Swint,Corporate,505,6,2163.6240000000003,1,3,2,At Risk
TS-21205,Thomas Seio,Corporate,199,7,5371.09,1,3,4,At Risk
TS-21340,Toby Swindell,Consumer,227,5,974.7819999999999,1,2,1,Lost
TS-21370,Todd Sumrall,Corporate,37,6,11891.751,3,3,4,Loyal Customers
TS-21430,Tom Stivers,Corporate,173,5,2054.14,2,2,2,Potential Loyalists
TS-21505,Tony Sayre,Consumer,12,6,2243.274,4,3,2,Loyal Customers
TS-21610,Troy Staebel,Consumer,56,7,2820.424,3,3,3,Loyal Customers
TS-21655,Trudy Schmidt,Consumer,239,5,3368.094,1,2,3,Potential Loyalists
TT-21070,Ted Trevino,Consumer,32,7,4915.602,3,3,4,Loyal Customers
TT-21220,Thomas Thornton,Consumer,184,8,1427.0439999999999,2,4,2,At Risk
TT-21265,Tim Taslimi,Corporate,407,3,439.5,1,1,1,Lost
TT-21460,Tonja Turnell,Home Office,13,7,5364.808,4,3,4,Loyal Customers
TW-21025,Tamara Willingham,Home Office,65,7,5278.826,3,3,4,Loyal Customers
TZ-21580,Tracy Zic,Consumer,36,4,1707.286,3,1,2,Potential Loyalists
VB-21745,Victoria Brennan,Corporate,55,6,2005.596,3,3,2,Loyal Customers
VD-21670,Valerie Dominguez,Consumer,582,6,6442.254,1,3,4,At Risk
VF-21715,Vicky Freymann,Home Office,14,5,847.944,4,2,1,New Customers
VG-21790,Vivek Gonzalez,Consumer,155,6,846.01,2,3,1,At Risk
VG-21805,Vivek Grady,Corporate,287,5,427.372,1,2,1,Lost
VM-21685,Valerie Mitchum,Home Office,55,7,2454.866,3,3,3,Loyal Customers
VM-21835,Vivian Mathis,Consumer,118,5,380.69,2,2,1,Potential Loyalists
VP-21730,Victor Preis,Home Office,31,3,993.9019999999999,4,1,1,New Customers
VP-21760,Victoria Pisteka,Corporate,76,7,3360.526,3,3,3,Loyal Customers
VS-21820,Vivek Sundaresam,Consumer,222,4,1055.981,1,1,1,Lost
VT-21700,Valerie Takahito,Home Office,1001,2,1736.596,1,1,2,Lost
VW-21775,Victoria Wilson,Corporate,29,10,6134.0380000000005,4,4,4,Champions
WB-21850,William Brown,Consumer,21,11,6160.102,4,4,4,Champions
XP-21865,Xylona Preis,Consumer,44,11,2374.658,3,4,3,Loyal Customers
YC-21895,Yoseph Carroll,Corporate,5,5,5454.35,4,2,4,New Customers
YS-21880,Yana Sorensen,Corporate,10,8,6720.4439999999995,4,4,4,Champions
ZC-21910,Zuschuss Carroll,Consumer,55,13,8025.707,3,4,4,Loyal Customers
ZD-21925,Zuschuss Donatelli,Consumer,203,5,1493.944,1,2,2,Lost
